{"x": [20, 13, -12, -5, -9, -14, 15, 5, -15, 0, 10, 17, -4, -9, -18, -16, 18, -8, -19, -1, 20, 10, -2, 7, -17, -3, 20, -2, 20, -6, -19, 20, -12, 8, 8, 14, -2, -18, -10, -12, -15, 4, -3, 5, -15, 8, -9, 16, -17, 11, -12, -15, 11, -20, -6, -18, -3, 20, 8, -16, 14, -8, 1, -11, -9, 6, -15, 14, -17, 18, 0, -17, -18, -4, 4, 20, -13, -11, -5, 10, 9, -13, 15, 5, -11, -11, -1, -13, -8, 16, 20, -20, 7, 13, 6, 9, -15, 15, -9, -10], "y": [-15, 14, 11, -3, 3, 3, -2, -17, -17, 4, 5, -6, -20, -14, 0, 8, -6, -15, 10, -15, -13, 6, -9, 11, 13, -12, -2, 13, -4, -2, 11, -5, -9, 5, -3, -12, 14, 8, 0, -4, 19, 20, 1, -20, 17, 15, 12, -12, -11, -10, 3, 4, 15, -18, 15, 6, -11, -4, -5, -6, 12, -6, 10, 4, -13, 14, 20, -17, -8, 15, -19, 17, -15, 14, 5, 12, 10, 5, 2, -11, -2, -10, 13, 19, -1, -4, -4, 5, -6, 15, 6, -8, 18, 1, 6, 4, -10, 3, -2, 13], "centres": [[20, -15], [16.5, -0.5], [20, 17.692307692307693], [20, 17.692307692307693], [20, 17.692307692307693], [20, 26.11111111111111], [20, 26.11111111111111], [-14, -16.025], [-14, -16.025], [5, -5.904761904761905], [5, -5.431818181818182], [5, -4.954545454545454], [17, -28.75], [17, -52.25], [17, 99.08333333333333], [17, 99.08333333333333], [-18, -111.0], [-18, -111.0], [18, 44.78125], [-19, -8.98], [-19, -34.56521739130435], [-19, -97.125], [-19, -97.125], [-19, 348.5], [-19, 348.5], [-19, -6.818181818181818], [-19, -59.375], [20, 21.633333333333333], [-2, -9.735294117647058], [-2, -9.735294117647058], [20, 54.2], [-19, -44.53125], [-19, -44.53125], [-19, -52.75], [-19, -52.75], [-19, -52.75], [-19, 60.666666666666664], [-2, -10.333333333333334], [-2, -10.333333333333334], [-2, -10.333333333333334], [-2, 33.4], [-2, 33.4], [-15, 6.0], [-15, -5.628205128205129], [-15, -5.628205128205129], [5, -2.3714285714285714], [5, -0.9375], [5, -0.9375], [-9, -0.8913043478260869], [-9, -8.090909090909092], [-9, -8.090909090909092], [-9, -8.090909090909092], [11, 2.5], [11, -16.060606060606062], [-20, 1.4696969696969697], [-20, 1.4696969696969697], [-6, 1.8269230769230769], [-6, -12.289473684210526], [-6, -12.289473684210526], [-6, -12.289473684210526], [-6, -53.166666666666664], [-6, -53.166666666666664], [-6, -53.166666666666664], [-6, -53.166666666666664], [-6, -53.166666666666664], [-6, -57.5], [6, 53.75], [-15, -9.864864864864865], [-15, -9.864864864864865], [-15, -91.4], [-15, -91.4], [-15, -91.4], [-15, -91.4], [-15, -91.4], [-15, -91.4], [-15, -91.4], [-15, -91.4], [-15, -91.4], [-15, -91.4], [-15, -91.4], [-15, -91.4], [-15, -91.4], [-15, -91.4], [-15, -180.5], [-15, -180.5], [-15, -180.5], [-15, -180.5], [-15, -180.5], [-15, -180.5], [-15, -180.5], [-15, -180.5], [-15, -180.5], [-15, -180.5], [-15, -180.5], [-15, -180.5], [-15, -180.5], [-15, -180.5], [-15, -180.5], [-15, -180.5], [-15, -180.5]]}